#TYPE System.Diagnostics.Process,,,,,,,,,,,,,,,,,,,,,,,,,,,,,,,,,,,,,,,,,,,,,,,,,,,,,,,,,,,,,,,,,
__NounName,Name,Handles,VM,WS,PM,NPM,Path,Company,CPU,FileVersion,ProductVersion,Description,Product,BasePriority,ExitCode,HasExited,ExitTime,Handle,SafeHandle,HandleCount,Id,MachineName,MainWindowHandle,MainWindowTitle,MainModule,MaxWorkingSet,MinWorkingSet,Modules,NonpagedSystemMemorySize,NonpagedSystemMemorySize64,PagedMemorySize,PagedMemorySize64,PagedSystemMemorySize,PagedSystemMemorySize64,PeakPagedMemorySize,PeakPagedMemorySize64,PeakWorkingSet,PeakWorkingSet64,PeakVirtualMemorySize,PeakVirtualMemorySize64,PriorityBoostEnabled,PriorityClass,PrivateMemorySize,PrivateMemorySize64,PrivilegedProcessorTime,ProcessName,ProcessorAffinity,Responding,SessionId,StartInfo,StartTime,SynchronizingObject,Threads,TotalProcessorTime,UserProcessorTime,VirtualMemorySize,VirtualMemorySize64,EnableRaisingEvents,StandardInput,StandardOutput,StandardError,WorkingSet,WorkingSet64,Site,Container
Process,AppleMobileDeviceService,192,109723648,12062720,3272704,20280,,,,,,,,8,,,,,,192,2268,.,0,,,,,,20280,20280,3272704,3272704,204320,204320,3309568,3309568,13795328,13795328,112893952,112893952,,,3272704,3272704,,AppleMobileDeviceService,,TRUE,0,System.Diagnostics.ProcessStartInfo,,,System.Diagnostics.ProcessThreadCollection,,,109723648,109723648,FALSE,,,,12062720,12062720,,
Process,ApplicationFrameHost,262,2.20E+12,20439040,12218368,17800,C:\WINDOWS\system32\ApplicationFrameHost.exe,Microsoft Corporation,0.328125,10.0.10240.16384 (th1.150709-1700),10.0.10240.16384,Application Frame Host,Microsoft? Windows? Operating System,8,,FALSE,,2276,Microsoft.Win32.SafeHandles.SafeProcessHandle,262,1568,.,0,,System.Diagnostics.ProcessModule (ApplicationFrameHost.exe),1413120,204800,System.Diagnostics.ProcessModuleCollection,17800,17800,12218368,12218368,333736,333736,17031168,17031168,26984448,26984448,272703488,2.20E+12,TRUE,Normal,12218368,12218368,00:00.2,ApplicationFrameHost,15,TRUE,1,System.Diagnostics.ProcessStartInfo,12/7/2015 10:10,,System.Diagnostics.ProcessThreadCollection,00:00.3,00:00.1,232308736,2.20E+12,FALSE,,,,20439040,20439040,,
Process,atieclxx,217,97443840,9932800,2154496,11816,,,,,,,,8,,,,,,217,1304,.,0,,,,,,11816,11816,2154496,2154496,181744,181744,2314240,2314240,11010048,11010048,104660992,104660992,,,2154496,2154496,,atieclxx,,TRUE,1,System.Diagnostics.ProcessStartInfo,,,System.Diagnostics.ProcessThreadCollection,,,97443840,97443840,FALSE,,,,9932800,9932800,,
Process,atiesrxx,134,31158272,5554176,1101824,7408,,,,,,,,8,,,,,,134,1220,.,0,,,,,,7408,7408,1101824,1101824,58936,58936,1245184,1245184,6148096,6148096,36442112,36442112,,,1101824,1101824,,atiesrxx,,TRUE,0,System.Diagnostics.ProcessStartInfo,,,System.Diagnostics.ProcessThreadCollection,,,31158272,31158272,FALSE,,,,5554176,5554176,,
Process,audiodg,192,2.20E+12,15425536,9641984,12840,,,0.140625,,,,,8,,,,,,192,8456,.,0,,,,,,12840,12840,9641984,9641984,167808,167808,16900096,16900096,22536192,22536192,103415808,2.20E+12,,,9641984,9641984,0:00:00,audiodg,,TRUE,0,System.Diagnostics.ProcessStartInfo,12/7/2015 16:32,,System.Diagnostics.ProcessThreadCollection,00:00.1,00:00.1,91893760,2.20E+12,FALSE,,,,15425536,15425536,,
Process,avp,2827,838758400,128004096,378187776,482992,,,,,,,,8,,,,,,2827,2200,.,0,,,,,,482992,482992,378187776,378187776,455360,455360,890773504,890773504,601829376,601829376,1386033152,1386033152,,,378187776,378187776,,avp,,TRUE,0,System.Diagnostics.ProcessStartInfo,,,System.Diagnostics.ProcessThreadCollection,,,838758400,838758400,FALSE,,,,128004096,128004096,,
Process,avpui,1210,600387584,106835968,117907456,133080,C:\Program Files (x86)\Kaspersky Lab\Kaspersky Internet Security 15.0.2\avpui.exe,Kaspersky Lab ZAO,1398.125,15.0.2.448,15.0.2.448,Kaspersky Anti-Virus,Kaspersky Anti-Virus,8,,FALSE,,2636,Microsoft.Win32.SafeHandles.SafeProcessHandle,1210,4116,.,132170,Kaspersky Internet Security,System.Diagnostics.ProcessModule (avpui.exe),1413120,204800,System.Diagnostics.ProcessModuleCollection,133080,133080,117907456,117907456,807272,807272,152358912,152358912,168804352,168804352,718045184,718045184,TRUE,Normal,117907456,117907456,02:12.6,avpui,15,TRUE,1,System.Diagnostics.ProcessStartInfo,12/7/2015 9:48,,System.Diagnostics.ProcessThreadCollection,23:18.1,21:05.5,600387584,600387584,FALSE,,,,106835968,106835968,,
Process,CCC,786,862081024,7094272,94203904,67608,C:\Program Files (x86)\AMD\ATI.ACE\Core-Static\CCC.exe,Advanced Micro Devices Inc.,8.34375,4.5.0.0,4.5.0.0,Catalyst Control Center: Host application,Catalyst Control Center,8,,FALSE,,2236,Microsoft.Win32.SafeHandles.SafeProcessHandle,786,6744,.,0,,System.Diagnostics.ProcessModule (CCC.exe),1413120,204800,System.Diagnostics.ProcessModuleCollection,67608,67608,94203904,94203904,832968,832968,102895616,102895616,70516736,70516736,892981248,892981248,TRUE,Normal,94203904,94203904,00:02.8,CCC,15,TRUE,1,System.Diagnostics.ProcessStartInfo,12/7/2015 9:50,,System.Diagnostics.ProcessThreadCollection,00:08.3,00:05.6,862081024,862081024,FALSE,,,,7094272,7094272,,
Process,chrome,217,203763712,14139392,27312128,21152,C:\Program Files (x86)\Google\Chrome\Application\chrome.exe,Google Inc.,0.765625,47.0.2526.73,47.0.2526.73,Google Chrome,Google Chrome,8,,FALSE,,6044,Microsoft.Win32.SafeHandles.SafeProcessHandle,217,320,.,0,,System.Diagnostics.ProcessModule (chrome.exe),1413120,204800,System.Diagnostics.ProcessModuleCollection,21152,21152,27312128,27312128,288600,288600,27643904,27643904,26681344,26681344,205086720,205086720,TRUE,Normal,27312128,27312128,00:00.1,chrome,15,TRUE,1,System.Diagnostics.ProcessStartInfo,12/7/2015 10:18,,System.Diagnostics.ProcessThreadCollection,00:00.8,00:00.6,203763712,203763712,FALSE,,,,14139392,14139392,,
Process,chrome,218,290082816,70123520,83476480,26864,C:\Program Files (x86)\Google\Chrome\Application\chrome.exe,Google Inc.,37.859375,47.0.2526.73,47.0.2526.73,Google Chrome,Google Chrome,8,,FALSE,,5600,Microsoft.Win32.SafeHandles.SafeProcessHandle,218,964,.,0,,System.Diagnostics.ProcessModule (chrome.exe),1413120,204800,System.Diagnostics.ProcessModuleCollection,26864,26864,83476480,83476480,292704,292704,132005888,132005888,117235712,117235712,317583360,317583360,TRUE,Normal,83476480,83476480,00:02.7,chrome,15,TRUE,1,System.Diagnostics.ProcessStartInfo,12/7/2015 10:18,,System.Diagnostics.ProcessThreadCollection,00:37.9,00:35.2,290082816,290082816,FALSE,,,,70123520,70123520,,
Process,chrome,536,672681984,115789824,201838592,40688,C:\Program Files (x86)\Google\Chrome\Application\chrome.exe,Google Inc.,856.828125,47.0.2526.73,47.0.2526.73,Google Chrome,Google Chrome,8,,FALSE,,3092,Microsoft.Win32.SafeHandles.SafeProcessHandle,536,1016,.,0,,System.Diagnostics.ProcessModule (chrome.exe),1413120,204800,System.Diagnostics.ProcessModuleCollection,40688,40688,201838592,201838592,667576,667576,313065472,313065472,303136768,303136768,784936960,784936960,TRUE,Normal,201838592,201838592,04:44.4,chrome,15,TRUE,1,System.Diagnostics.ProcessStartInfo,12/7/2015 10:17,,System.Diagnostics.ProcessThreadCollection,14:16.8,09:32.4,672681984,672681984,FALSE,,,,115789824,115789824,,
Process,chrome,239,247873536,52936704,46219264,24824,C:\Program Files (x86)\Google\Chrome\Application\chrome.exe,Google Inc.,1.140625,47.0.2526.73,47.0.2526.73,Google Chrome,Google Chrome,4,,FALSE,,1844,Microsoft.Win32.SafeHandles.SafeProcessHandle,239,1164,.,0,,System.Diagnostics.ProcessModule (chrome.exe),1413120,204800,System.Diagnostics.ProcessModuleCollection,24824,24824,46219264,46219264,355240,355240,57024512,57024512,58392576,58392576,251842560,251842560,TRUE,Idle,46219264,46219264,00:00.2,chrome,15,TRUE,1,System.Diagnostics.ProcessStartInfo,12/7/2015 16:31,,System.Diagnostics.ProcessThreadCollection,00:01.1,00:01.0,247873536,247873536,FALSE,,,,52936704,52936704,,
Process,chrome,218,228732928,16666624,39317504,22920,C:\Program Files (x86)\Google\Chrome\Application\chrome.exe,Google Inc.,2.78125,47.0.2526.73,47.0.2526.73,Google Chrome,Google Chrome,8,,FALSE,,4620,Microsoft.Win32.SafeHandles.SafeProcessHandle,218,2480,.,0,,System.Diagnostics.ProcessModule (chrome.exe),1413120,204800,System.Diagnostics.ProcessModuleCollection,22920,22920,39317504,39317504,296800,296800,70877184,70877184,65236992,65236992,258359296,258359296,TRUE,Normal,39317504,39317504,00:00.3,chrome,15,TRUE,1,System.Diagnostics.ProcessStartInfo,12/7/2015 10:18,,System.Diagnostics.ProcessThreadCollection,00:02.8,00:02.5,228732928,228732928,FALSE,,,,16666624,16666624,,
Process,chrome,287,425385984,39329792,98816000,33392,C:\Program Files (x86)\Google\Chrome\Application\chrome.exe,Google Inc.,16.421875,47.0.2526.73,47.0.2526.73,Google Chrome,Google Chrome,4,,FALSE,,2180,Microsoft.Win32.SafeHandles.SafeProcessHandle,287,2764,.,0,,System.Diagnostics.ProcessModule (chrome.exe),1413120,204800,System.Diagnostics.ProcessModuleCollection,33392,33392,98816000,98816000,523768,523768,147505152,147505152,114987008,114987008,451026944,451026944,TRUE,Idle,98816000,98816000,00:01.5,chrome,15,TRUE,1,System.Diagnostics.ProcessStartInfo,12/7/2015 10:18,,System.Diagnostics.ProcessThreadCollection,00:16.4,00:15.0,425385984,425385984,FALSE,,,,39329792,39329792,,
Process,chrome,218,303640576,85184512,111001600,29856,C:\Program Files (x86)\Google\Chrome\Application\chrome.exe,Google Inc.,111.953125,47.0.2526.73,47.0.2526.73,Google Chrome,Google Chrome,8,,FALSE,,4276,Microsoft.Win32.SafeHandles.SafeProcessHandle,218,3096,.,0,,System.Diagnostics.ProcessModule (chrome.exe),1413120,204800,System.Diagnostics.ProcessModuleCollection,29856,29856,111001600,111001600,296800,296800,179773440,179773440,155598848,155598848,356864000,356864000,TRUE,Normal,111001600,111001600,00:03.4,chrome,15,TRUE,1,System.Diagnostics.ProcessStartInfo,12/7/2015 10:18,,System.Diagnostics.ProcessThreadCollection,01:52.0,01:48.6,303640576,303640576,FALSE,,,,85184512,85184512,,
Process,chrome,280,338882560,25481216,56377344,28360,C:\Program Files (x86)\Google\Chrome\Application\chrome.exe,Google Inc.,3,47.0.2526.73,47.0.2526.73,Google Chrome,Google Chrome,4,,FALSE,,2392,Microsoft.Win32.SafeHandles.SafeProcessHandle,280,3156,.,0,,System.Diagnostics.ProcessModule (chrome.exe),1413120,204800,System.Diagnostics.ProcessModuleCollection,28360,28360,56377344,56377344,474240,474240,69218304,69218304,89579520,89579520,357298176,357298176,TRUE,Idle,56377344,56377344,00:00.4,chrome,15,TRUE,1,System.Diagnostics.ProcessStartInfo,12/7/2015 10:18,,System.Diagnostics.ProcessThreadCollection,0:00:03,00:02.6,338882560,338882560,FALSE,,,,25481216,25481216,,
Process,chrome,234,249376768,29847552,52695040,24824,C:\Program Files (x86)\Google\Chrome\Application\chrome.exe,Google Inc.,4.21875,47.0.2526.73,47.0.2526.73,Google Chrome,Google Chrome,4,,FALSE,,5916,Microsoft.Win32.SafeHandles.SafeProcessHandle,234,4080,.,0,,System.Diagnostics.ProcessModule (chrome.exe),1413120,204800,System.Diagnostics.ProcessModuleCollection,24824,24824,52695040,52695040,360888,360888,60108800,60108800,79409152,79409152,264908800,264908800,TRUE,Idle,52695040,52695040,00:00.5,chrome,15,TRUE,1,System.Diagnostics.ProcessStartInfo,12/7/2015 10:20,,System.Diagnostics.ProcessThreadCollection,00:04.2,00:03.7,249376768,249376768,FALSE,,,,29847552,29847552,,
Process,chrome,279,347324416,22511616,52248576,27544,C:\Program Files (x86)\Google\Chrome\Application\chrome.exe,Google Inc.,1.75,47.0.2526.73,47.0.2526.73,Google Chrome,Google Chrome,4,,FALSE,,5956,Microsoft.Win32.SafeHandles.SafeProcessHandle,279,4268,.,0,,System.Diagnostics.ProcessModule (chrome.exe),1413120,204800,System.Diagnostics.ProcessModuleCollection,27544,27544,52248576,52248576,544000,544000,56541184,56541184,64102400,64102400,354230272,354230272,TRUE,Idle,52248576,52248576,00:00.3,chrome,15,TRUE,1,System.Diagnostics.ProcessStartInfo,12/7/2015 10:20,,System.Diagnostics.ProcessThreadCollection,00:01.8,00:01.5,347324416,347324416,FALSE,,,,22511616,22511616,,
Process,chrome,274,348434432,26583040,51306496,27680,C:\Program Files (x86)\Google\Chrome\Application\chrome.exe,Google Inc.,2.65625,47.0.2526.73,47.0.2526.73,Google Chrome,Google Chrome,4,,FALSE,,6056,Microsoft.Win32.SafeHandles.SafeProcessHandle,274,4644,.,0,,System.Diagnostics.ProcessModule (chrome.exe),1413120,204800,System.Diagnostics.ProcessModuleCollection,27680,27680,51306496,51306496,496864,496864,58433536,58433536,68804608,68804608,370163712,370163712,TRUE,Idle,51306496,51306496,00:00.5,chrome,15,TRUE,1,System.Diagnostics.ProcessStartInfo,12/7/2015 10:19,,System.Diagnostics.ProcessThreadCollection,00:02.7,00:02.2,348434432,348434432,FALSE,,,,26583040,26583040,,
Process,chrome,285,359956480,24887296,54243328,28360,C:\Program Files (x86)\Google\Chrome\Application\chrome.exe,Google Inc.,5.234375,47.0.2526.73,47.0.2526.73,Google Chrome,Google Chrome,4,,FALSE,,5444,Microsoft.Win32.SafeHandles.SafeProcessHandle,285,5860,.,0,,System.Diagnostics.ProcessModule (chrome.exe),1413120,204800,System.Diagnostics.ProcessModuleCollection,28360,28360,54243328,54243328,531272,531272,59985920,59985920,78008320,78008320,381423616,381423616,TRUE,Idle,54243328,54243328,00:00.5,chrome,15,TRUE,1,System.Diagnostics.ProcessStartInfo,12/7/2015 10:19,,System.Diagnostics.ProcessThreadCollection,00:05.2,00:04.8,359956480,359956480,FALSE,,,,24887296,24887296,,
Process,chrome,276,348000256,21663744,44888064,27136,C:\Program Files (x86)\Google\Chrome\Application\chrome.exe,Google Inc.,1.390625,47.0.2526.73,47.0.2526.73,Google Chrome,Google Chrome,4,,FALSE,,1820,Microsoft.Win32.SafeHandles.SafeProcessHandle,276,6312,.,0,,System.Diagnostics.ProcessModule (chrome.exe),1413120,204800,System.Diagnostics.ProcessModuleCollection,27136,27136,44888064,44888064,555280,555280,50147328,50147328,58580992,58580992,355917824,355917824,TRUE,Idle,44888064,44888064,00:00.2,chrome,15,TRUE,1,System.Diagnostics.ProcessStartInfo,12/7/2015 10:20,,System.Diagnostics.ProcessThreadCollection,00:01.4,00:01.2,348000256,348000256,FALSE,,,,21663744,21663744,,
Process,chrome,244,243220480,55955456,47923200,25232,C:\Program Files (x86)\Google\Chrome\Application\chrome.exe,Google Inc.,1.484375,47.0.2526.73,47.0.2526.73,Google Chrome,Google Chrome,8,,FALSE,,3168,Microsoft.Win32.SafeHandles.SafeProcessHandle,244,6444,.,0,,System.Diagnostics.ProcessModule (chrome.exe),1413120,204800,System.Diagnostics.ProcessModuleCollection,25232,25232,47923200,47923200,318760,318760,57032704,57032704,63225856,63225856,252956672,252956672,TRUE,Normal,47923200,47923200,00:00.2,chrome,15,TRUE,1,System.Diagnostics.ProcessStartInfo,12/7/2015 16:31,,System.Diagnostics.ProcessThreadCollection,00:01.5,00:01.3,243220480,243220480,FALSE,,,,55955456,55955456,,
Process,chrome,217,231809024,16416768,47370240,22512,C:\Program Files (x86)\Google\Chrome\Application\chrome.exe,Google Inc.,1.21875,47.0.2526.73,47.0.2526.73,Google Chrome,Google Chrome,4,,FALSE,,4592,Microsoft.Win32.SafeHandles.SafeProcessHandle,217,7188,.,0,,System.Diagnostics.ProcessModule (chrome.exe),1413120,204800,System.Diagnostics.ProcessModuleCollection,22512,22512,47370240,47370240,301000,301000,48902144,48902144,44638208,44638208,236683264,236683264,TRUE,Idle,47370240,47370240,00:00.2,chrome,15,TRUE,1,System.Diagnostics.ProcessStartInfo,12/7/2015 10:18,,System.Diagnostics.ProcessThreadCollection,00:01.2,00:01.0,231809024,231809024,FALSE,,,,16416768,16416768,,
Process,chrome,3450,1031786496,195911680,406605824,107520,C:\Program Files (x86)\Google\Chrome\Application\chrome.exe,Google Inc.,782.828125,47.0.2526.73,47.0.2526.73,Google Chrome,Google Chrome,8,,FALSE,,4812,Microsoft.Win32.SafeHandles.SafeProcessHandle,3450,7236,.,67268,powershell - command line - switch to administrator mode - Server Fault - Google Chrome,System.Diagnostics.ProcessModule (chrome.exe),1413120,204800,System.Diagnostics.ProcessModuleCollection,107520,107520,406605824,406605824,1358912,1358912,427466752,427466752,305856512,305856512,1207611392,1207611392,TRUE,Normal,406605824,406605824,03:25.1,chrome,15,TRUE,1,System.Diagnostics.ProcessStartInfo,12/7/2015 10:17,,System.Diagnostics.ProcessThreadCollection,13:02.8,09:37.7,1031786496,1031786496,FALSE,,,,195911680,195911680,,
Process,chrome,278,443600896,105000960,133271552,35568,C:\Program Files (x86)\Google\Chrome\Application\chrome.exe,Google Inc.,2707.9375,47.0.2526.73,47.0.2526.73,Google Chrome,Google Chrome,4,,FALSE,,4428,Microsoft.Win32.SafeHandles.SafeProcessHandle,278,7348,.,0,,System.Diagnostics.ProcessModule (chrome.exe),1413120,204800,System.Diagnostics.ProcessModuleCollection,35568,35568,133271552,133271552,543832,543832,138706944,138706944,110137344,110137344,446746624,446746624,TRUE,Idle,133271552,133271552,00:04.8,chrome,15,TRUE,1,System.Diagnostics.ProcessStartInfo,12/7/2015 10:19,,System.Diagnostics.ProcessThreadCollection,45:07.9,45:03.1,443600896,443600896,FALSE,,,,105000960,105000960,,
Process,chrome,238,232083456,19623936,49586176,24280,C:\Program Files (x86)\Google\Chrome\Application\chrome.exe,Google Inc.,1.265625,47.0.2526.73,47.0.2526.73,Google Chrome,Google Chrome,4,,FALSE,,4104,Microsoft.Win32.SafeHandles.SafeProcessHandle,238,7396,.,0,,System.Diagnostics.ProcessModule (chrome.exe),1413120,204800,System.Diagnostics.ProcessModuleCollection,24280,24280,49586176,49586176,304584,304584,51408896,51408896,51146752,51146752,238129152,238129152,TRUE,Idle,49586176,49586176,00:00.1,chrome,15,TRUE,1,System.Diagnostics.ProcessStartInfo,12/7/2015 10:19,,System.Diagnostics.ProcessThreadCollection,00:01.3,00:01.1,232083456,232083456,FALSE,,,,19623936,19623936,,
Process,chrome,276,392904704,41369600,74530816,29992,C:\Program Files (x86)\Google\Chrome\Application\chrome.exe,Google Inc.,8.609375,47.0.2526.73,47.0.2526.73,Google Chrome,Google Chrome,4,,FALSE,,5972,Microsoft.Win32.SafeHandles.SafeProcessHandle,276,7412,.,0,,System.Diagnostics.ProcessModule (chrome.exe),1413120,204800,System.Diagnostics.ProcessModuleCollection,29992,29992,74530816,74530816,545448,545448,102588416,102588416,139395072,139395072,450281472,450281472,TRUE,Idle,74530816,74530816,00:01.1,chrome,15,TRUE,1,System.Diagnostics.ProcessStartInfo,12/7/2015 10:19,,System.Diagnostics.ProcessThreadCollection,00:08.6,00:07.5,392904704,392904704,FALSE,,,,41369600,41369600,,
Process,chrome,219,214310912,14954496,27205632,21424,C:\Program Files (x86)\Google\Chrome\Application\chrome.exe,Google Inc.,0.875,47.0.2526.73,47.0.2526.73,Google Chrome,Google Chrome,8,,FALSE,,5168,Microsoft.Win32.SafeHandles.SafeProcessHandle,219,7568,.,0,,System.Diagnostics.ProcessModule (chrome.exe),1413120,204800,System.Diagnostics.ProcessModuleCollection,21424,21424,27205632,27205632,290384,290384,27725824,27725824,28172288,28172288,215633920,215633920,TRUE,Normal,27205632,27205632,00:00.2,chrome,15,TRUE,1,System.Diagnostics.ProcessStartInfo,12/7/2015 10:18,,System.Diagnostics.ProcessThreadCollection,00:00.9,00:00.7,214310912,214310912,FALSE,,,,14954496,14954496,,
Process,chrome,378,781705216,246214656,390471680,69864,C:\Program Files (x86)\Google\Chrome\Application\chrome.exe,Google Inc.,238.984375,47.0.2526.73,47.0.2526.73,Google Chrome,Google Chrome,8,,FALSE,,4652,Microsoft.Win32.SafeHandles.SafeProcessHandle,378,7736,.,0,,System.Diagnostics.ProcessModule (chrome.exe),1413120,204800,System.Diagnostics.ProcessModuleCollection,69864,69864,390471680,390471680,634912,634912,425500672,425500672,445747200,445747200,819773440,819773440,TRUE,Normal,390471680,390471680,00:14.8,chrome,15,TRUE,1,System.Diagnostics.ProcessStartInfo,12/7/2015 10:19,,System.Diagnostics.ProcessThreadCollection,03:59.0,03:44.1,781705216,781705216,FALSE,,,,246214656,246214656,,
Process,chrome,286,392818688,25669632,85237760,31216,C:\Program Files (x86)\Google\Chrome\Application\chrome.exe,Google Inc.,4.4375,47.0.2526.73,47.0.2526.73,Google Chrome,Google Chrome,4,,FALSE,,5316,Microsoft.Win32.SafeHandles.SafeProcessHandle,286,7748,.,0,,System.Diagnostics.ProcessModule (chrome.exe),1413120,204800,System.Diagnostics.ProcessModuleCollection,31216,31216,85237760,85237760,548864,548864,99536896,99536896,105308160,105308160,420302848,420302848,TRUE,Idle,85237760,85237760,00:00.6,chrome,15,TRUE,1,System.Diagnostics.ProcessStartInfo,12/7/2015 10:20,,System.Diagnostics.ProcessThreadCollection,00:04.4,00:03.8,392818688,392818688,FALSE,,,,25669632,25669632,,
Process,chrome,239,235233280,20742144,42876928,24280,C:\Program Files (x86)\Google\Chrome\Application\chrome.exe,Google Inc.,1.671875,47.0.2526.73,47.0.2526.73,Google Chrome,Google Chrome,4,,FALSE,,5612,Microsoft.Win32.SafeHandles.SafeProcessHandle,239,7864,.,0,,System.Diagnostics.ProcessModule (chrome.exe),1413120,204800,System.Diagnostics.ProcessModuleCollection,24280,24280,42876928,42876928,327120,327120,49688576,49688576,60207104,60207104,246702080,246702080,TRUE,Idle,42876928,42876928,00:00.2,chrome,15,TRUE,1,System.Diagnostics.ProcessStartInfo,12/7/2015 10:18,,System.Diagnostics.ProcessThreadCollection,00:01.7,00:01.4,235233280,235233280,FALSE,,,,20742144,20742144,,
Process,chrome,294,415035392,54525952,77426688,31760,C:\Program Files (x86)\Google\Chrome\Application\chrome.exe,Google Inc.,1334.59375,47.0.2526.73,47.0.2526.73,Google Chrome,Google Chrome,8,,FALSE,,5636,Microsoft.Win32.SafeHandles.SafeProcessHandle,294,8048,.,0,,System.Diagnostics.ProcessModule (chrome.exe),1413120,204800,System.Diagnostics.ProcessModuleCollection,31760,31760,77426688,77426688,580352,580352,80945152,80945152,121683968,121683968,435994624,435994624,TRUE,Normal,77426688,77426688,04:17.2,chrome,15,TRUE,1,System.Diagnostics.ProcessStartInfo,12/7/2015 10:18,,System.Diagnostics.ProcessThreadCollection,22:14.6,17:57.4,415035392,415035392,FALSE,,,,54525952,54525952,,
Process,chrome,259,279326720,47656960,56340480,27000,C:\Program Files (x86)\Google\Chrome\Application\chrome.exe,Google Inc.,9.109375,47.0.2526.73,47.0.2526.73,Google Chrome,Google Chrome,4,,FALSE,,4388,Microsoft.Win32.SafeHandles.SafeProcessHandle,259,11388,.,0,,System.Diagnostics.ProcessModule (chrome.exe),1413120,204800,System.Diagnostics.ProcessModuleCollection,27000,27000,56340480,56340480,352032,352032,74645504,74645504,86069248,86069248,302862336,302862336,TRUE,Idle,56340480,56340480,00:00.8,chrome,15,TRUE,1,System.Diagnostics.ProcessStartInfo,12/7/2015 15:06,,System.Diagnostics.ProcessThreadCollection,00:09.1,00:08.3,279326720,279326720,FALSE,,,,47656960,47656960,,
Process,chrome,239,236273664,52334592,44449792,24416,C:\Program Files (x86)\Google\Chrome\Application\chrome.exe,Google Inc.,1.1875,47.0.2526.73,47.0.2526.73,Google Chrome,Google Chrome,4,,FALSE,,2536,Microsoft.Win32.SafeHandles.SafeProcessHandle,239,12924,.,0,,System.Diagnostics.ProcessModule (chrome.exe),1413120,204800,System.Diagnostics.ProcessModuleCollection,24416,24416,44449792,44449792,310184,310184,55316480,55316480,58036224,58036224,240242688,240242688,TRUE,Idle,44449792,44449792,00:00.1,chrome,15,TRUE,1,System.Diagnostics.ProcessStartInfo,12/7/2015 16:31,,System.Diagnostics.ProcessThreadCollection,00:01.2,00:01.1,236273664,236273664,FALSE,,,,52334592,52334592,,
Process,chrome,236,235454464,32612352,44150784,24280,C:\Program Files (x86)\Google\Chrome\Application\chrome.exe,Google Inc.,2.078125,47.0.2526.73,47.0.2526.73,Google Chrome,Google Chrome,4,,FALSE,,4048,Microsoft.Win32.SafeHandles.SafeProcessHandle,236,13280,.,0,,System.Diagnostics.ProcessModule (chrome.exe),1413120,204800,System.Diagnostics.ProcessModuleCollection,24280,24280,44150784,44150784,314216,314216,53702656,53702656,64053248,64053248,250728448,250728448,TRUE,Idle,44150784,44150784,00:00.4,chrome,15,TRUE,1,System.Diagnostics.ProcessStartInfo,12/7/2015 15:05,,System.Diagnostics.ProcessThreadCollection,00:02.1,00:01.7,235454464,235454464,FALSE,,,,32612352,32612352,,
Process,cltmng,379,113295360,16932864,4435968,20088,C:\PROGRA~2\LENOVO~1\LenovoBrowserGuard\bin\cltmng.exe,ClientConnect LTD,0.359375,2.16.60.37,2.16.60.37,Lenovo Browser Guard,Lenovo Browser Guard,8,,FALSE,,4404,Microsoft.Win32.SafeHandles.SafeProcessHandle,379,5444,.,0,,System.Diagnostics.ProcessModule (cltmng.exe),1413120,204800,System.Diagnostics.ProcessModuleCollection,20088,20088,4435968,4435968,222712,222712,5021696,5021696,17649664,17649664,125464576,125464576,TRUE,Normal,4435968,4435968,00:00.2,cltmng,15,TRUE,1,System.Diagnostics.ProcessStartInfo,12/7/2015 9:49,,System.Diagnostics.ProcessThreadCollection,00:00.4,00:00.2,113295360,113295360,FALSE,,,,16932864,16932864,,
Process,CltMngSvc,155,68861952,8527872,1974272,11200,,,,,,,,8,,,,,,155,3284,.,0,,,,,,11200,11200,1974272,1974272,132792,132792,2416640,2416640,9428992,9428992,81645568,81645568,,,1974272,1974272,,CltMngSvc,,TRUE,0,System.Diagnostics.ProcessStartInfo,,,System.Diagnostics.ProcessThreadCollection,,,68861952,68861952,FALSE,,,,8527872,8527872,,
Process,cmd,48,81907712,2850816,1978368,4480,C:\WINDOWS\SysWOW64\cmd.exe,Microsoft Corporation,0,10.0.10240.16384 (th1.150709-1700),10.0.10240.16384,Windows Command Processor,Microsoft? Windows? Operating System,8,,FALSE,,6052,Microsoft.Win32.SafeHandles.SafeProcessHandle,48,5284,.,0,,System.Diagnostics.ProcessModule (cmd.exe),1413120,204800,System.Diagnostics.ProcessModuleCollection,4480,4480,1978368,1978368,31792,31792,3088384,3088384,3661824,3661824,87248896,87248896,TRUE,Normal,1978368,1978368,0:00:00,cmd,15,TRUE,1,System.Diagnostics.ProcessStartInfo,12/7/2015 10:18,,System.Diagnostics.ProcessThreadCollection,0:00:00,0:00:00,81907712,81907712,FALSE,,,,2850816,2850816,,
Process,conhost,104,2.20E+12,8171520,10379264,7864,,,,,,,,8,,,,,,104,3532,.,0,,,,,,7864,7864,10379264,10379264,124160,124160,10592256,10592256,9338880,9338880,67280896,2.20E+12,,,10379264,10379264,,conhost,,TRUE,0,System.Diagnostics.ProcessStartInfo,,,System.Diagnostics.ProcessThreadCollection,,,66199552,2.20E+12,FALSE,,,,8171520,8171520,,
Process,conhost,129,2.20E+12,10801152,3858432,10864,C:\WINDOWS\system32\conhost.exe,Microsoft Corporation,7.359375,10.0.10240.16384 (th1.150709-1700),10.0.10240.16384,Console Window Host,Microsoft? Windows? Operating System,8,,FALSE,,5496,Microsoft.Win32.SafeHandles.SafeProcessHandle,129,6608,.,0,,System.Diagnostics.ProcessModule (conhost.exe),1413120,204800,System.Diagnostics.ProcessModuleCollection,10864,10864,3858432,3858432,177320,177320,7835648,7835648,13062144,13062144,97566720,2.20E+12,TRUE,Normal,3858432,3858432,00:06.3,conhost,15,TRUE,1,System.Diagnostics.ProcessStartInfo,12/7/2015 14:58,,System.Diagnostics.ProcessThreadCollection,00:07.4,00:01.0,96317440,2.20E+12,FALSE,,,,10801152,10801152,,
Process,conhost,108,2.20E+12,5791744,1609728,8688,C:\WINDOWS\system32\conhost.exe,Microsoft Corporation,0.03125,10.0.10240.16384 (th1.150709-1700),10.0.10240.16384,Console Window Host,Microsoft? Windows? Operating System,8,,FALSE,,3216,Microsoft.Win32.SafeHandles.SafeProcessHandle,108,6684,.,0,,System.Diagnostics.ProcessModule (conhost.exe),1413120,204800,System.Diagnostics.ProcessModuleCollection,8688,8688,1609728,1609728,173440,173440,1769472,1769472,6868992,6868992,86151168,2.20E+12,TRUE,Normal,1609728,1609728,00:00.0,conhost,15,TRUE,1,System.Diagnostics.ProcessStartInfo,12/7/2015 10:18,,System.Diagnostics.ProcessThreadCollection,00:00.0,0:00:00,85340160,2.20E+12,FALSE,,,,5791744,5791744,,
Process,conhost,87,2.20E+12,4538368,1409024,6784,C:\WINDOWS\system32\conhost.exe,Microsoft Corporation,0,10.0.10240.16384 (th1.150709-1700),10.0.10240.16384,Console Window Host,Microsoft? Windows? Operating System,8,,FALSE,,3564,Microsoft.Win32.SafeHandles.SafeProcessHandle,87,9104,.,0,,System.Diagnostics.ProcessModule (conhost.exe),1413120,204800,System.Diagnostics.ProcessModuleCollection,6784,6784,1409024,1409024,161752,161752,1548288,1548288,5464064,5464064,82108416,2.20E+12,TRUE,Normal,1409024,1409024,0:00:00,conhost,15,TRUE,1,System.Diagnostics.ProcessStartInfo,12/7/2015 10:44,,System.Diagnostics.ProcessThreadCollection,0:00:00,0:00:00,80900096,2.20E+12,FALSE,,,,4538368,4538368,,
Process,csrss,562,2.20E+12,3817472,1433600,17192,,,,,,,,13,,,,,,562,604,.,0,,,,,,17192,17192,1433600,1433600,162064,162064,1720320,1720320,4657152,4657152,50569216,2.20E+12,,,1433600,1433600,,csrss,,TRUE,0,System.Diagnostics.ProcessStartInfo,,,System.Diagnostics.ProcessThreadCollection,,,49971200,2.20E+12,FALSE,,,,3817472,3817472,,
Process,csrss,670,2.20E+12,5656576,2146304,27024,,,,,,,,13,,,,,,670,736,.,0,,,,,,27024,27024,2146304,2146304,224952,224952,9732096,9732096,20398080,20398080,288149504,2.20E+12,,,2146304,2146304,,csrss,,TRUE,1,System.Diagnostics.ProcessStartInfo,,,System.Diagnostics.ProcessThreadCollection,,,90783744,2.20E+12,FALSE,,,,5656576,5656576,,
Process,dasHost,152,2.20E+12,4972544,1167360,5904,,,,,,,,8,,,,,,152,1728,.,0,,,,,,5904,5904,1167360,1167360,44768,44768,1617920,1617920,5808128,5808128,30666752,2.20E+12,,,1167360,1167360,,dasHost,,TRUE,0,System.Diagnostics.ProcessStartInfo,,,System.Diagnostics.ProcessThreadCollection,,,22147072,2.20E+12,FALSE,,,,4972544,4972544,,
Process,dwm,303,2.20E+12,48447488,58241024,26264,,,,,,,,13,,,,,,303,588,.,0,,,,,,26264,26264,58241024,58241024,383280,383280,93261824,93261824,90681344,90681344,286892032,2.20E+12,,,58241024,58241024,,dwm,,TRUE,1,System.Diagnostics.ProcessStartInfo,,,System.Diagnostics.ProcessThreadCollection,,,266752000,2.20E+12,FALSE,,,,48447488,48447488,,
Process,ETDCtrl,425,127328256,18440192,6258688,17720,C:\Program Files\Elantech\ETDCtrl.exe,ELAN Microelectronics Corp.,0.28125,11.62.15.3,11.62.15.3,ETD Control Center,ELAN Smart-Pad,10,,FALSE,,5340,Microsoft.Win32.SafeHandles.SafeProcessHandle,425,2172,.,0,,System.Diagnostics.ProcessModule (ETDCtrl.exe),1413120,204800,System.Diagnostics.ProcessModuleCollection,17720,17720,6258688,6258688,268840,268840,6479872,6479872,20979712,20979712,137449472,137449472,TRUE,AboveNormal,6258688,6258688,00:00.2,ETDCtrl,15,TRUE,1,System.Diagnostics.ProcessStartInfo,12/7/2015 9:48,,System.Diagnostics.ProcessThreadCollection,00:00.3,00:00.1,127328256,127328256,FALSE,,,,18440192,18440192,,
Process,ETDCtrlHelper,117,96882688,9269248,2396160,9376,,,0.015625,,,,,10,,,,,,117,5488,.,0,,,,,,9376,9376,2396160,2396160,188448,188448,2490368,2490368,10326016,10326016,100052992,100052992,,,2396160,2396160,00:00.0,ETDCtrlHelper,,TRUE,1,System.Diagnostics.ProcessStartInfo,12/7/2015 9:48,,System.Diagnostics.ProcessThreadCollection,00:00.0,0:00:00,96882688,96882688,FALSE,,,,9269248,9269248,,
Process,ETDService,92,25309184,5079040,864256,5632,,,,,,,,8,,,,,,92,2284,.,0,,,,,,5632,5632,864256,864256,52824,52824,1101824,1101824,5570560,5570560,34304000,34304000,,,864256,864256,,ETDService,,TRUE,0,System.Diagnostics.ProcessStartInfo,,,System.Diagnostics.ProcessThreadCollection,,,25309184,25309184,FALSE,,,,5079040,5079040,,
Process,explorer,2510,2.20E+12,105213952,79872000,223328,C:\WINDOWS\Explorer.EXE,Microsoft Corporation,239.984375,10.0.10240.16384 (th1.150709-1700),10.0.10240.16384,Windows Explorer,Microsoft? Windows? Operating System,8,,FALSE,,6028,Microsoft.Win32.SafeHandles.SafeProcessHandle,2510,5536,.,9830524,,System.Diagnostics.ProcessModule (Explorer.EXE),1413120,204800,System.Diagnostics.ProcessModuleCollection,223328,223328,79872000,79872000,1265680,1265680,122822656,122822656,167198720,167198720,879206400,2.20E+12,TRUE,Normal,79872000,79872000,02:06.1,explorer,15,TRUE,1,System.Diagnostics.ProcessStartInfo,12/7/2015 9:48,,System.Diagnostics.ProcessThreadCollection,04:00.0,01:53.9,823709696,2.20E+12,FALSE,,,,105213952,105213952,,
Process,FMAPP,133,62935040,8937472,1507328,9712,C:\Program Files\Realtek\Audio\HDA\FMAPP.exe,,8.53125,1.64.0.5,1.64.0.5,FMAPP Application,FMAPP Application,8,,FALSE,,5872,Microsoft.Win32.SafeHandles.SafeProcessHandle,133,1364,.,0,,System.Diagnostics.ProcessModule (FMAPP.exe),1413120,204800,System.Diagnostics.ProcessModuleCollection,9712,9712,1507328,1507328,120448,120448,1732608,1732608,9695232,9695232,71389184,71389184,TRUE,Normal,1507328,1507328,00:07.0,FMAPP,15,TRUE,1,System.Diagnostics.ProcessStartInfo,12/7/2015 9:50,,System.Diagnostics.ProcessThreadCollection,00:08.5,00:01.5,62935040,62935040,FALSE,,,,8937472,8937472,,
Process,FMAPP,128,62443520,8683520,1490944,9576,C:\Program Files\Realtek\Audio\HDA\FMAPP.exe,,4.75,1.64.0.5,1.64.0.5,FMAPP Application,FMAPP Application,8,,FALSE,,2388,Microsoft.Win32.SafeHandles.SafeProcessHandle,128,3376,.,0,,System.Diagnostics.ProcessModule (FMAPP.exe),1413120,204800,System.Diagnostics.ProcessModuleCollection,9576,9576,1490944,1490944,119488,119488,1724416,1724416,9408512,9408512,70897664,70897664,TRUE,Normal,1490944,1490944,00:03.9,FMAPP,15,TRUE,1,System.Diagnostics.ProcessStartInfo,12/7/2015 9:50,,System.Diagnostics.ProcessThreadCollection,00:04.8,00:00.9,62443520,62443520,FALSE,,,,8683520,8683520,,
Process,HeciServer,144,64450560,7815168,1368064,8072,,,,,,,,8,,,,,,144,2248,.,0,,,,,,8072,8072,1368064,1368064,125608,125608,1581056,1581056,8613888,8613888,71847936,71847936,,,1368064,1368064,,HeciServer,,TRUE,0,System.Diagnostics.ProcessStartInfo,,,System.Diagnostics.ProcessThreadCollection,,,64450560,64450560,FALSE,,,,7815168,7815168,,
Process,httpd,166,77246464,12218368,5644288,22336,,,,,,,,8,,,,,,166,2564,.,0,,,,,,22336,22336,5644288,5644288,146824,146824,5939200,5939200,15900672,15900672,79429632,79429632,,,5644288,5644288,,httpd,,TRUE,0,System.Diagnostics.ProcessStartInfo,,,System.Diagnostics.ProcessThreadCollection,,,77246464,77246464,FALSE,,,,12218368,12218368,,
Process,httpd,263,110698496,11395072,10186752,47648,,,,,,,,8,,,,,,263,2800,.,0,,,,,,47648,47648,10186752,10186752,152184,152184,10481664,10481664,16723968,16723968,112844800,112844800,,,10186752,10186752,,httpd,,TRUE,0,System.Diagnostics.ProcessStartInfo,,,System.Diagnostics.ProcessThreadCollection,,,110698496,110698496,FALSE,,,,11395072,11395072,,
Process,Idle,0,65536,4096,0,0,,,,,,,,0,,,,,,0,0,.,0,,,,,,0,0,0,0,0,0,0,0,4096,4096,65536,65536,,,0,0,,Idle,,TRUE,0,System.Diagnostics.ProcessStartInfo,,,System.Diagnostics.ProcessThreadCollection,,,65536,65536,FALSE,,,,4096,4096,,
Process,igfxCUIService,173,43921408,9207808,1769472,10392,,,,,,,,8,,,,,,173,1764,.,0,,,,,,10392,10392,1769472,1769472,83224,83224,1961984,1961984,10072064,10072064,51789824,51789824,,,1769472,1769472,,igfxCUIService,,TRUE,0,System.Diagnostics.ProcessStartInfo,,,System.Diagnostics.ProcessThreadCollection,,,43921408,43921408,FALSE,,,,9207808,9207808,,
Process,igfxEM,183,108597248,12906496,3624960,14064,C:\WINDOWS\system32\igfxEM.exe,Intel Corporation,0.140625,6.15.10.4256,6.15.10.4256,igfxEM Module,Intel(R) Common User Interface,8,,FALSE,,4232,Microsoft.Win32.SafeHandles.SafeProcessHandle,183,5832,.,0,,System.Diagnostics.ProcessModule (igfxEM.exe),1413120,204800,System.Diagnostics.ProcessModuleCollection,14064,14064,3624960,3624960,202296,202296,3825664,3825664,14585856,14585856,114937856,114937856,TRUE,Normal,3624960,3624960,00:00.1,igfxEM,15,TRUE,1,System.Diagnostics.ProcessStartInfo,12/7/2015 9:48,,System.Diagnostics.ProcessThreadCollection,00:00.1,00:00.1,108597248,108597248,FALSE,,,,12906496,12906496,,
Process,igfxHK,118,62341120,8773632,2232320,9848,C:\WINDOWS\system32\igfxHK.exe,Intel Corporation,0.078125,6.15.10.4256,6.15.10.4256,igfxHK Module,Intel(R) Common User Interface,8,,FALSE,,5800,Microsoft.Win32.SafeHandles.SafeProcessHandle,118,5840,.,0,,System.Diagnostics.ProcessModule (igfxHK.exe),1413120,204800,System.Diagnostics.ProcessModuleCollection,9848,9848,2232320,2232320,116888,116888,2826240,2826240,10145792,10145792,71380992,71380992,TRUE,Normal,2232320,2232320,00:00.0,igfxHK,15,TRUE,1,System.Diagnostics.ProcessStartInfo,12/7/2015 9:48,,System.Diagnostics.ProcessThreadCollection,00:00.1,00:00.0,62341120,62341120,FALSE,,,,8773632,8773632,,
Process,igfxTray,178,101425152,11771904,3272704,12296,C:\WINDOWS\system32\igfxTray.exe,,0.09375,,,,,8,,FALSE,,2404,Microsoft.Win32.SafeHandles.SafeProcessHandle,178,5916,.,0,,System.Diagnostics.ProcessModule (igfxTray.exe),1413120,204800,System.Diagnostics.ProcessModuleCollection,12296,12296,3272704,3272704,192472,192472,5169152,5169152,13299712,13299712,107773952,107773952,TRUE,Normal,3272704,3272704,00:00.0,igfxTray,15,TRUE,1,System.Diagnostics.ProcessStartInfo,12/7/2015 9:48,,System.Diagnostics.ProcessThreadCollection,00:00.1,00:00.1,101425152,101425152,FALSE,,,,11771904,11771904,,
Process,iPodService,142,46288896,8278016,2260992,10656,,,,,,,,8,,,,,,142,6776,.,0,,,,,,10656,10656,2260992,2260992,76464,76464,2301952,2301952,9048064,9048064,53686272,53686272,,,2260992,2260992,,iPodService,,TRUE,0,System.Diagnostics.ProcessStartInfo,,,System.Diagnostics.ProcessThreadCollection,,,46288896,46288896,FALSE,,,,8278016,8278016,,
Process,ipoint,295,127397888,7053312,4321280,22888,c:\Program Files\Microsoft Mouse and Keyboard Center\ipoint.exe,Microsoft Corporation,17.953125,2.5.166.0,2.5,IPoint.exe,Microsoft Mouse and Keyboard Center,8,,FALSE,,4948,Microsoft.Win32.SafeHandles.SafeProcessHandle,295,3884,.,66260,,System.Diagnostics.ProcessModule (ipoint.exe),1413120,204800,System.Diagnostics.ProcessModuleCollection,22888,22888,4321280,4321280,260952,260952,4460544,4460544,12500992,12500992,165232640,165232640,TRUE,Normal,4321280,4321280,00:11.1,ipoint,15,TRUE,1,System.Diagnostics.ProcessStartInfo,12/7/2015 9:48,,System.Diagnostics.ProcessThreadCollection,00:18.0,00:06.8,127397888,127397888,FALSE,,,,7053312,7053312,,
Process,iTunesHelper,253,136257536,15253504,3956736,20376,C:\Program Files\iTunes\iTunesHelper.exe,Apple Inc.,0.171875,12.1.2.27,12.1.2.27,iTunesHelper,iTunes,8,,FALSE,,5424,Microsoft.Win32.SafeHandles.SafeProcessHandle,253,6276,.,0,,System.Diagnostics.ProcessModule (iTunesHelper.exe),1413120,204800,System.Diagnostics.ProcessModuleCollection,20376,20376,3956736,3956736,267744,267744,4141056,4141056,17534976,17534976,142606336,142606336,TRUE,Normal,3956736,3956736,00:00.1,iTunesHelper,15,TRUE,1,System.Diagnostics.ProcessStartInfo,12/7/2015 9:50,,System.Diagnostics.ProcessThreadCollection,00:00.2,00:00.1,136257536,136257536,FALSE,,,,15253504,15253504,,
Process,itype,258,125902848,6971392,4530176,19392,c:\Program Files\Microsoft Mouse and Keyboard Center\itype.exe,Microsoft Corporation,4.796875,2.5.166.0,2.5,IType.exe,Microsoft Mouse and Keyboard Center,8,,FALSE,,5668,Microsoft.Win32.SafeHandles.SafeProcessHandle,258,2916,.,0,,System.Diagnostics.ProcessModule (itype.exe),1413120,204800,System.Diagnostics.ProcessModuleCollection,19392,19392,4530176,4530176,251840,251840,4673536,4673536,13991936,13991936,177922048,177922048,TRUE,Normal,4530176,4530176,00:03.3,itype,15,TRUE,1,System.Diagnostics.ProcessStartInfo,12/7/2015 9:48,,System.Diagnostics.ProcessThreadCollection,00:04.8,00:01.5,125902848,125902848,FALSE,,,,6971392,6971392,,
Process,jhi_service,103,31989760,6164480,1212416,9784,,,,,,,,8,,,,,,103,6360,.,0,,,,,,9784,9784,1212416,1212416,66320,66320,1548288,1548288,6848512,6848512,38547456,38547456,,,1212416,1212416,,jhi_service,,TRUE,0,System.Diagnostics.ProcessStartInfo,,,System.Diagnostics.ProcessThreadCollection,,,31989760,31989760,FALSE,,,,6164480,6164480,,
Process,LenovoSetSvr,157,66060288,8384512,1515520,8616,,,,,,,,8,,,,,,157,2400,.,0,,,,,,8616,8616,1515520,1515520,130360,130360,1802240,1802240,9134080,9134080,77955072,77955072,,,1515520,1515520,,LenovoSetSvr,,TRUE,0,System.Diagnostics.ProcessStartInfo,,,System.Diagnostics.ProcessThreadCollection,,,66060288,66060288,FALSE,,,,8384512,8384512,,
Process,LenovoWiFiHotspotSvr,218,83079168,11173888,2367488,14048,,,,,,,,8,,,,,,218,2392,.,0,,,,,,14048,14048,2367488,2367488,149600,149600,2646016,2646016,12242944,12242944,92590080,92590080,,,2367488,2367488,,LenovoWiFiHotspotSvr,,TRUE,0,System.Diagnostics.ProcessStartInfo,,,System.Diagnostics.ProcessThreadCollection,,,83079168,83079168,FALSE,,,,11173888,11173888,,
Process,LMS,238,72417280,11169792,3031040,14928,,,,,,,,8,,,,,,238,6396,.,0,,,,,,14928,14928,3031040,3031040,145520,145520,4509696,4509696,13496320,13496320,83128320,83128320,,,3031040,3031040,,LMS,,TRUE,0,System.Diagnostics.ProcessStartInfo,,,System.Diagnostics.ProcessThreadCollection,,,72417280,72417280,FALSE,,,,11169792,11169792,,
Process,lsass,1212,2.20E+12,14807040,5693440,22832,,,,,,,,9,,,,,,1212,800,.,0,,,,,,22832,22832,5693440,5693440,126440,126440,6000640,6000640,17104896,17104896,49500160,2.20E+12,,,5693440,5693440,,lsass,,TRUE,0,System.Diagnostics.ProcessStartInfo,,,System.Diagnostics.ProcessThreadCollection,,,47247360,2.20E+12,FALSE,,,,14807040,14807040,,
Process,LU,351,116838400,14282752,7385088,28456,,,,,,,,8,,,,,,351,7580,.,0,,,,,,28456,28456,7385088,7385088,212864,212864,8540160,8540160,21458944,21458944,127401984,127401984,,,7385088,7385088,,LU,,TRUE,1,System.Diagnostics.ProcessStartInfo,,,System.Diagnostics.ProcessThreadCollection,,,116838400,116838400,FALSE,,,,14282752,14282752,,
Process,LUService,190,66007040,8437760,2969600,11232,,,,,,,,8,,,,,,190,2368,.,0,,,,,,11232,11232,2969600,2969600,128928,128928,3526656,3526656,10428416,10428416,77643776,77643776,,,2969600,2969600,,LUService,,TRUE,0,System.Diagnostics.ProcessStartInfo,,,System.Diagnostics.ProcessThreadCollection,,,66007040,66007040,FALSE,,,,8437760,8437760,,
Process,mDNSResponder,144,31469568,6844416,1638400,13264,,,,,,,,8,,,,,,144,2320,.,0,,,,,,13264,13264,1638400,1638400,63536,63536,1781760,1781760,7266304,7266304,38866944,38866944,,,1638400,1638400,,mDNSResponder,,TRUE,0,System.Diagnostics.ProcessStartInfo,,,System.Diagnostics.ProcessThreadCollection,,,31469568,31469568,FALSE,,,,6844416,6844416,,
Process,MOM,366,629338112,4313088,26632192,36176,C:\Program Files (x86)\AMD\ATI.ACE\Core-Static\MOM.exe,Advanced Micro Devices Inc.,1.53125,4.5.0.0,4.5.0.0,Catalyst Control Center: Monitoring program,Catalyst Control Center,8,,FALSE,,2244,Microsoft.Win32.SafeHandles.SafeProcessHandle,366,7024,.,0,,System.Diagnostics.ProcessModule (MOM.exe),1413120,204800,System.Diagnostics.ProcessModuleCollection,36176,36176,26632192,26632192,414616,414616,26783744,26783744,31870976,31870976,637022208,637022208,TRUE,Normal,26632192,26632192,00:01.0,MOM,15,TRUE,1,System.Diagnostics.ProcessStartInfo,12/7/2015 9:50,,System.Diagnostics.ProcessThreadCollection,00:01.5,00:00.6,629338112,629338112,FALSE,,,,4313088,4313088,,
Process,netsession_win,153,88260608,9568256,2977792,11136,C:\Users\RohiniSwetha\AppData\Local\Akamai\netsession_win.exe,"Akamai Technologies, Inc.",0.171875,1.9.3.1,1.9.3.1,Akamai NetSession Client,Akamai NetSession Client,8,,FALSE,,3796,Microsoft.Win32.SafeHandles.SafeProcessHandle,153,6656,.,0,,System.Diagnostics.ProcessModule (netsession_win.exe),1413120,204800,System.Diagnostics.ProcessModuleCollection,11136,11136,2977792,2977792,172760,172760,3350528,3350528,11522048,11522048,94875648,94875648,TRUE,Normal,2977792,2977792,00:00.1,netsession_win,15,TRUE,1,System.Diagnostics.ProcessStartInfo,12/7/2015 9:50,,System.Diagnostics.ProcessThreadCollection,00:00.2,00:00.1,88260608,88260608,FALSE,,,,9568256,9568256,,
Process,netsession_win,375,114450432,15040512,8470528,21808,C:\Users\RohiniSwetha\AppData\Local\Akamai\netsession_win.exe,"Akamai Technologies, Inc.",120.171875,1.9.3.1,1.9.3.1,Akamai NetSession Client,Akamai NetSession Client,8,,FALSE,,2160,Microsoft.Win32.SafeHandles.SafeProcessHandle,375,6692,.,0,,System.Diagnostics.ProcessModule (netsession_win.exe),1413120,204800,System.Diagnostics.ProcessModuleCollection,21808,21808,8470528,8470528,194480,194480,9392128,9392128,19329024,19329024,122388480,122388480,TRUE,Normal,8470528,8470528,01:45.3,netsession_win,15,TRUE,1,System.Diagnostics.ProcessStartInfo,12/7/2015 9:50,,System.Diagnostics.ProcessThreadCollection,02:00.2,00:14.9,114450432,114450432,FALSE,,,,15040512,15040512,,
Process,NitroAssistant,114,87867392,8085504,1875968,11224,C:\PROGRA~2\Nitro\PRO9~1\NitroAssistant.exe,Nitro PDF,0.25,"9, 0, 5, 9","9, 0, 5, 9",Nitro Pro 9,Nitro Pro 9,8,,FALSE,,5476,Microsoft.Win32.SafeHandles.SafeProcessHandle,114,2240,.,0,,System.Diagnostics.ProcessModule (NitroAssistant.exe),1413120,204800,System.Diagnostics.ProcessModuleCollection,11224,11224,1875968,1875968,169920,169920,2621440,2621440,10039296,10039296,103407616,103407616,TRUE,Normal,1875968,1875968,00:00.1,NitroAssistant,15,TRUE,1,System.Diagnostics.ProcessStartInfo,12/7/2015 10:50,,System.Diagnostics.ProcessThreadCollection,00:00.3,00:00.1,87867392,87867392,FALSE,,,,8085504,8085504,,
Process,NitroPDF,429,501596160,72101888,164265984,123784,C:\PROGRA~2\Nitro\PRO9~1\NitroPDF.exe,Nitro PDF,86.078125,"9, 0, 5, 9","9, 0, 5, 9",Nitro Pro 9,Nitro Pro 9,8,,FALSE,,6120,Microsoft.Win32.SafeHandles.SafeProcessHandle,429,5752,.,526328,Nitro Pro 9,System.Diagnostics.ProcessModule (NitroPDF.exe),1413120,204800,System.Diagnostics.ProcessModuleCollection,123784,123784,164265984,164265984,514496,514496,186613760,186613760,181432320,181432320,575877120,575877120,TRUE,Normal,164265984,164265984,00:40.8,NitroPDF,15,TRUE,1,System.Diagnostics.ProcessStartInfo,12/7/2015 10:50,,System.Diagnostics.ProcessThreadCollection,01:26.1,00:45.2,501596160,501596160,FALSE,,,,72101888,72101888,,
Process,NitroPDFDriverService9x64,119,56557568,5566464,1118208,7144,,,,,,,,8,,,,,,119,2452,.,0,,,,,,7144,7144,1118208,1118208,108592,108592,1306624,1306624,6135808,6135808,62898176,62898176,,,1118208,1118208,,NitroPDFDriverService9x64,,TRUE,0,System.Diagnostics.ProcessStartInfo,,,System.Diagnostics.ProcessThreadCollection,,,56557568,56557568,FALSE,,,,5566464,5566464,,
Process,NLSSRV32,136,15269888,3784704,798720,6400,,,,,,,,8,,,,,,136,2552,.,0,,,,,,6400,6400,798720,798720,31296,31296,983040,983040,4214784,4214784,19181568,19181568,,,798720,798720,,NLSSRV32,,TRUE,0,System.Diagnostics.ProcessStartInfo,,,System.Diagnostics.ProcessThreadCollection,,,15269888,15269888,FALSE,,,,3784704,3784704,,
Process,officeclicktorun,431,151646208,21180416,29777920,21920,,,,,,,,8,,,,,,431,2380,.,0,,,,,,21920,21920,29777920,29777920,214824,214824,34717696,34717696,45940736,45940736,159780864,159780864,,,29777920,29777920,,officeclicktorun,,TRUE,0,System.Diagnostics.ProcessStartInfo,,,System.Diagnostics.ProcessThreadCollection,,,151646208,151646208,FALSE,,,,21180416,21180416,,
Process,OneDrive,702,255901696,34639872,11923456,40608,C:\Users\RohiniSwetha\AppData\Local\Microsoft\OneDrive\OneDrive.exe,Microsoft Corporation,5.03125,17.3.6201.1019,17.3.6201.1019,Microsoft OneDrive,Microsoft OneDrive,8,,FALSE,,6016,Microsoft.Win32.SafeHandles.SafeProcessHandle,702,6436,.,0,,System.Diagnostics.ProcessModule (OneDrive.exe),1413120,204800,System.Diagnostics.ProcessModuleCollection,40608,40608,11923456,11923456,453488,453488,20455424,20455424,40452096,40452096,279199744,279199744,TRUE,Normal,11923456,11923456,00:01.1,OneDrive,15,TRUE,1,System.Diagnostics.ProcessStartInfo,12/7/2015 9:50,,System.Diagnostics.ProcessThreadCollection,00:05.0,00:03.9,255901696,255901696,FALSE,,,,34639872,34639872,,
Process,PhoneCompanionPusher,84,31580160,4317184,745472,5488,,,,,,,,8,,,,,,84,2748,.,0,,,,,,5488,5488,745472,745472,63376,63376,950272,950272,4804608,4804608,35667968,35667968,,,745472,745472,,PhoneCompanionPusher,,TRUE,0,System.Diagnostics.ProcessStartInfo,,,System.Diagnostics.ProcessThreadCollection,,,31580160,31580160,FALSE,,,,4317184,4317184,,
Process,plugin-nm-server,180,93204480,8290304,3481600,13808,C:\Program Files (x86)\Kaspersky Lab\Kaspersky Internet Security 15.0.2\plugin-nm-server.exe,Kaspersky Lab ZAO,1.1875,4.5.1.379,4.5.1.379,Kaspersky Native Messaging Server for plugins,Plugins PDK,8,,FALSE,,4720,Microsoft.Win32.SafeHandles.SafeProcessHandle,180,5516,.,0,,System.Diagnostics.ProcessModule (plugin-nm-server.exe),1413120,204800,System.Diagnostics.ProcessModuleCollection,13808,13808,3481600,3481600,160520,160520,25235456,25235456,31662080,31662080,111058944,111058944,TRUE,Normal,3481600,3481600,00:00.5,plugin-nm-server,15,TRUE,1,System.Diagnostics.ProcessStartInfo,12/7/2015 10:18,,System.Diagnostics.ProcessThreadCollection,00:01.2,00:00.7,93204480,93204480,FALSE,,,,8290304,8290304,,
Process,postgres,344,198107136,17952768,3059712,11248,,,,,,,,8,,,,,,344,3524,.,0,,,,,,11248,11248,3059712,3059712,397544,397544,3244032,3244032,18939904,18939904,223330304,223330304,,,3059712,3059712,,postgres,,TRUE,0,System.Diagnostics.ProcessStartInfo,,,System.Diagnostics.ProcessThreadCollection,,,198107136,198107136,FALSE,,,,17952768,17952768,,
Process,postgres,297,196149248,5189632,2461696,7312,,,,,,,,8,,,,,,297,3872,.,0,,,,,,7312,7312,2461696,2461696,97560,97560,2572288,2572288,6135808,6135808,208756736,208756736,,,2461696,2461696,,postgres,,TRUE,0,System.Diagnostics.ProcessStartInfo,,,System.Diagnostics.ProcessThreadCollection,,,196149248,196149248,FALSE,,,,5189632,5189632,,
Process,postgres,294,191946752,5873664,2781184,7040,,,,,,,,8,,,,,,294,4792,.,0,,,,,,7040,7040,2781184,2781184,387272,387272,2859008,2859008,6692864,6692864,204554240,204554240,,,2781184,2781184,,postgres,,TRUE,0,System.Diagnostics.ProcessStartInfo,,,System.Diagnostics.ProcessThreadCollection,,,191946752,191946752,FALSE,,,,5873664,5873664,,
Process,postgres,294,191946752,6873088,2756608,7040,,,,,,,,8,,,,,,294,4848,.,0,,,,,,7040,7040,2756608,2756608,387256,387256,2809856,2809856,7725056,7725056,200351744,200351744,,,2756608,2756608,,postgres,,TRUE,0,System.Diagnostics.ProcessStartInfo,,,System.Diagnostics.ProcessThreadCollection,,,191946752,191946752,FALSE,,,,6873088,6873088,,
Process,postgres,294,191946752,5787648,2772992,7040,,,,,,,,8,,,,,,294,4876,.,0,,,,,,7040,7040,2772992,2772992,387272,387272,2830336,2830336,6643712,6643712,200351744,200351744,,,2772992,2772992,,postgres,,TRUE,0,System.Diagnostics.ProcessStartInfo,,,System.Diagnostics.ProcessThreadCollection,,,191946752,191946752,FALSE,,,,5787648,5787648,,
Process,postgres,295,191946752,6393856,3108864,7040,,,,,,,,8,,,,,,295,4900,.,0,,,,,,7040,7040,3108864,3108864,387352,387352,3145728,3145728,7294976,7294976,200351744,200351744,,,3108864,3108864,,postgres,,TRUE,0,System.Diagnostics.ProcessStartInfo,,,System.Diagnostics.ProcessThreadCollection,,,191946752,191946752,FALSE,,,,6393856,6393856,,
Process,postgres,296,191946752,5435392,2396160,7040,,,,,,,,8,,,,,,296,4916,.,0,,,,,,7040,7040,2396160,2396160,97560,97560,2453504,2453504,6230016,6230016,200351744,200351744,,,2396160,2396160,,postgres,,TRUE,0,System.Diagnostics.ProcessStartInfo,,,System.Diagnostics.ProcessThreadCollection,,,191946752,191946752,FALSE,,,,5435392,5435392,,
Process,powershell,914,2.20E+12,140005376,345845760,63768,C:\Windows\System32\WindowsPowerShell\v1.0\powershell.exe,Microsoft Corporation,78.4375,10.0.10240.16384 (th1.150709-1700),10.0.10240.16384,Windows PowerShell,Microsoft? Windows? Operating System,8,,FALSE,,5460,Microsoft.Win32.SafeHandles.SafeProcessHandle,914,13144,.,7931782,Windows PowerShell,System.Diagnostics.ProcessModule (powershell.exe),1413120,204800,System.Diagnostics.ProcessModuleCollection,63768,63768,345845760,345845760,590304,590304,426926080,426926080,428785664,428785664,1028059136,2.20E+12,TRUE,Normal,345845760,345845760,00:19.8,powershell,15,TRUE,1,System.Diagnostics.ProcessStartInfo,12/7/2015 14:58,,System.Diagnostics.ProcessThreadCollection,01:18.4,00:58.6,1008467968,2.20E+12,FALSE,,,,140005376,140005376,,
Process,PresentationFontCache,194,543887360,19058688,29446144,25832,,,,,,,,8,,,,,,194,2280,.,0,,,,,,25832,25832,29446144,29446144,251176,251176,31899648,31899648,26013696,26013696,585261056,585261056,,,29446144,29446144,,PresentationFontCache,,TRUE,0,System.Diagnostics.ProcessStartInfo,,,System.Diagnostics.ProcessThreadCollection,,,543887360,543887360,FALSE,,,,19058688,19058688,,
Process,RAVBg64,254,112766976,13729792,5423104,14056,C:\Program Files\Realtek\Audio\HDA\RAVBg64.exe,Realtek Semiconductor,0.125,"1, 0, 0, 220","1, 0, 0, 220",HD Audio Background Process,HD Audio Background Process,8,,FALSE,,4648,Microsoft.Win32.SafeHandles.SafeProcessHandle,254,316,.,0,,System.Diagnostics.ProcessModule (RAVBg64.exe),1413120,204800,System.Diagnostics.ProcessModuleCollection,14056,14056,5423104,5423104,219344,219344,5795840,5795840,14749696,14749696,128012288,128012288,TRUE,Normal,5423104,5423104,00:00.1,RAVBg64,15,TRUE,1,System.Diagnostics.ProcessStartInfo,12/7/2015 9:50,,System.Diagnostics.ProcessThreadCollection,00:00.1,00:00.0,112766976,112766976,FALSE,,,,13729792,13729792,,
Process,RAVBg64,253,112766976,13705216,5439488,14056,C:\Program Files\Realtek\Audio\HDA\RAVBg64.exe,Realtek Semiconductor,0.109375,"1, 0, 0, 220","1, 0, 0, 220",HD Audio Background Process,HD Audio Background Process,8,,FALSE,,4880,Microsoft.Win32.SafeHandles.SafeProcessHandle,253,2888,.,0,,System.Diagnostics.ProcessModule (RAVBg64.exe),1413120,204800,System.Diagnostics.ProcessModuleCollection,14056,14056,5439488,5439488,219344,219344,5750784,5750784,14770176,14770176,123072512,123072512,TRUE,Normal,5439488,5439488,00:00.1,RAVBg64,15,TRUE,1,System.Diagnostics.ProcessStartInfo,12/7/2015 9:50,,System.Diagnostics.ProcessThreadCollection,00:00.1,00:00.0,112766976,112766976,FALSE,,,,13705216,13705216,,
Process,RAVBg64,261,113258496,14254080,5570560,14320,C:\Program Files\Realtek\Audio\HDA\RAVBg64.exe,Realtek Semiconductor,0.125,"1, 0, 0, 220","1, 0, 0, 220",HD Audio Background Process,HD Audio Background Process,8,,FALSE,,4732,Microsoft.Win32.SafeHandles.SafeProcessHandle,261,4760,.,0,,System.Diagnostics.ProcessModule (RAVBg64.exe),1413120,204800,System.Diagnostics.ProcessModuleCollection,14320,14320,5570560,5570560,220512,220512,5828608,5828608,15405056,15405056,123564032,123564032,TRUE,Normal,5570560,5570560,00:00.1,RAVBg64,15,TRUE,1,System.Diagnostics.ProcessStartInfo,12/7/2015 9:50,,System.Diagnostics.ProcessThreadCollection,00:00.1,00:00.0,113258496,113258496,FALSE,,,,14254080,14254080,,
Process,RAVCpl64,314,123502592,13811712,3805184,14808,C:\Program Files\Realtek\Audio\HDA\RAVCpl64.exe,Realtek Semiconductor,0.203125,"1, 0, 0, 967","1, 0, 0, 967",Realtek HD Audio Manager,Realtek HD Audio Manager,8,,FALSE,,5864,Microsoft.Win32.SafeHandles.SafeProcessHandle,314,5456,.,0,,System.Diagnostics.ProcessModule (RAVCpl64.exe),1413120,204800,System.Diagnostics.ProcessModuleCollection,14808,14808,3805184,3805184,240576,240576,5120000,5120000,15142912,15142912,139796480,139796480,TRUE,Normal,3805184,3805184,00:00.2,RAVCpl64,15,TRUE,1,System.Diagnostics.ProcessStartInfo,12/7/2015 9:50,,System.Diagnostics.ProcessThreadCollection,00:00.2,00:00.0,123502592,123502592,FALSE,,,,13811712,13811712,,
Process,RTFTrack,174,140124160,9654272,14700544,13040,C:\Windows\RTFTrack.exe,Realtek semiconductor,0.09375,2.3.0.0,2.3.0.0,RTFTrack,RTFTrack,8,,FALSE,,2648,Microsoft.Win32.SafeHandles.SafeProcessHandle,174,1556,.,0,,System.Diagnostics.ProcessModule (RTFTrack.exe),1413120,204800,System.Diagnostics.ProcessModuleCollection,13040,13040,14700544,14700544,242664,242664,14807040,14807040,10858496,10858496,151588864,151588864,TRUE,Normal,14700544,14700544,00:00.1,RTFTrack,15,TRUE,1,System.Diagnostics.ProcessStartInfo,12/7/2015 9:50,,System.Diagnostics.ProcessThreadCollection,00:00.1,00:00.0,140124160,140124160,FALSE,,,,9654272,9654272,,
Process,RuntimeBroker,519,2.20E+12,34168832,16719872,32824,C:\Windows\System32\RuntimeBroker.exe,Microsoft Corporation,12.390625,10.0.10240.16384 (th1.150709-1700),10.0.10240.16384,Runtime Broker,Microsoft? Windows? Operating System,8,,FALSE,,5884,Microsoft.Win32.SafeHandles.SafeProcessHandle,519,5736,.,0,,System.Diagnostics.ProcessModule (RuntimeBroker.exe),1413120,204800,System.Diagnostics.ProcessModuleCollection,32824,32824,16719872,16719872,435480,435480,59547648,59547648,80412672,80412672,307253248,2.20E+12,TRUE,Normal,16719872,16719872,00:04.5,RuntimeBroker,15,TRUE,1,System.Diagnostics.ProcessStartInfo,12/7/2015 9:49,,System.Diagnostics.ProcessThreadCollection,00:12.4,00:07.9,237461504,2.20E+12,FALSE,,,,34168832,34168832,,
Process,SearchIndexer,807,2.20E+12,33226752,42201088,76248,,,,,,,,8,,,,,,807,5748,.,0,,,,,,76248,76248,42201088,42201088,241680,241680,144805888,144805888,151326720,151326720,474886144,2.20E+12,,,42201088,42201088,,SearchIndexer,,TRUE,0,System.Diagnostics.ProcessStartInfo,,,System.Diagnostics.ProcessThreadCollection,,,461410304,2.20E+12,FALSE,,,,33226752,33226752,,
Process,SearchUI,953,34822778880,60375040,52785152,67896,C:\Windows\SystemApps\Microsoft.Windows.Cortana_cw5n1h2txyewy\SearchUI.exe,Microsoft Corporation,3.109375,10.0.10240.16515 (th1.150916-2039),10.0.10240.16515,Search and Cortana application,Microsoft? Windows? Operating System,8,,FALSE,,5640,Microsoft.Win32.SafeHandles.SafeProcessHandle,953,3576,.,0,,System.Diagnostics.ProcessModule (SearchUI.exe),1413120,204800,System.Diagnostics.ProcessModuleCollection,67896,67896,52785152,52785152,667040,667040,77312000,77312000,125087744,125087744,519000064,34878738432,TRUE,Normal,52785152,52785152,00:01.1,SearchUI,15,TRUE,1,System.Diagnostics.ProcessStartInfo,12/7/2015 9:49,,System.Diagnostics.ProcessThreadCollection,00:03.1,00:02.0,463040512,34822778880,FALSE,,,,60375040,60375040,,
Process,ServiceHostApp,255,259579904,7204864,82661376,35008,C:\Users\RohiniSwetha\AppData\Local\SweetLabs App Platform\Engine\ServiceHostApp.exe,Pokki,21.640625,0.269.7.800,0.269.7.800,Service Host App,Service Host App,8,,FALSE,,5084,Microsoft.Win32.SafeHandles.SafeProcessHandle,255,3012,.,0,,System.Diagnostics.ProcessModule (ServiceHostApp.exe),1413120,204800,System.Diagnostics.ProcessModuleCollection,35008,35008,82661376,82661376,318536,318536,89968640,89968640,95797248,95797248,288940032,288940032,TRUE,Normal,82661376,82661376,00:02.0,ServiceHostApp,15,TRUE,1,System.Diagnostics.ProcessStartInfo,12/7/2015 9:53,,System.Diagnostics.ProcessThreadCollection,00:21.6,00:19.6,259579904,259579904,FALSE,,,,7204864,7204864,,
Process,ServiceHostApp,1238,358432768,14831616,46784512,66696,C:\Users\RohiniSwetha\AppData\Local\SweetLabs App Platform\Engine\ServiceHostApp.exe,Pokki,19.4375,0.269.7.800,0.269.7.800,Service Host App,Service Host App,6,,FALSE,,5364,Microsoft.Win32.SafeHandles.SafeProcessHandle,1238,7312,.,66670,,System.Diagnostics.ProcessModule (ServiceHostApp.exe),1413120,204800,System.Diagnostics.ProcessModuleCollection,66696,66696,46784512,46784512,593808,593808,61202432,61202432,82792448,82792448,434044928,434044928,TRUE,BelowNormal,46784512,46784512,00:08.8,ServiceHostApp,15,TRUE,1,System.Diagnostics.ProcessStartInfo,12/7/2015 9:51,,System.Diagnostics.ProcessThreadCollection,00:19.4,00:10.6,358432768,358432768,FALSE,,,,14831616,14831616,,
Process,ServiceHostAppUpdater,362,144883712,6336512,5144576,18712,C:\Users\RohiniSwetha\AppData\Local\SweetLabs App Platform\Engine\ServiceHostAppUpdater.exe,Pokki,1.515625,"1, 0, 0, 0","1, 0, 0, 0",Service Host App Updater,Service Host App Updater,6,,FALSE,,6040,Microsoft.Win32.SafeHandles.SafeProcessHandle,362,3760,.,0,,System.Diagnostics.ProcessModule (ServiceHostAppUpdater.exe),1413120,204800,System.Diagnostics.ProcessModuleCollection,18712,18712,5144576,5144576,283496,283496,6111232,6111232,17424384,17424384,170364928,170364928,TRUE,BelowNormal,5144576,5144576,00:00.7,ServiceHostAppUpdater,15,TRUE,1,System.Diagnostics.ProcessStartInfo,12/7/2015 9:48,,System.Diagnostics.ProcessThreadCollection,00:01.5,00:00.8,144883712,144883712,FALSE,,,,6336512,6336512,,
Process,services,323,2.20E+12,6336512,3084288,9496,,,,,,,,9,,,,,,323,792,.,0,,,,,,9496,9496,3084288,3084288,122168,122168,4276224,4276224,7704576,7704576,44167168,2.20E+12,,,3084288,3084288,,services,,TRUE,0,System.Diagnostics.ProcessStartInfo,,,System.Diagnostics.ProcessThreadCollection,,,19226624,2.20E+12,FALSE,,,,6336512,6336512,,
Process,ServiceStartMenuIndexer,543,239984640,8970240,17346560,36096,C:\Users\RohiniSwetha\AppData\Local\SweetLabs App Platform\Engine\ServiceStartMenuIndexer.exe,Pokki,52.40625,"1, 0, 0, 0","1, 0, 0, 0",Start Menu Service,Start Menu Service,6,,FALSE,,4724,Microsoft.Win32.SafeHandles.SafeProcessHandle,543,6120,.,0,,System.Diagnostics.ProcessModule (ServiceStartMenuIndexer.exe),1413120,204800,System.Diagnostics.ProcessModuleCollection,36096,36096,17346560,17346560,512568,512568,17776640,17776640,34152448,34152448,385650688,385650688,TRUE,BelowNormal,17346560,17346560,00:37.9,ServiceStartMenuIndexer,15,TRUE,1,System.Diagnostics.ProcessStartInfo,12/7/2015 9:54,,System.Diagnostics.ProcessThreadCollection,00:52.4,00:14.5,239984640,239984640,FALSE,,,,8970240,8970240,,
Process,SettingSyncHost,406,2.20E+12,8253440,8708096,18056,C:\WINDOWS\system32\SettingSyncHost.exe,Microsoft Corporation,3.265625,10.0.10240.16515 (th1.150916-2039),10.0.10240.16515,Host Process for Setting Synchronization,Microsoft? Windows? Operating System,6,,FALSE,,4712,Microsoft.Win32.SafeHandles.SafeProcessHandle,406,2580,.,0,,System.Diagnostics.ProcessModule (SettingSyncHost.exe),1413120,204800,System.Diagnostics.ProcessModuleCollection,18056,18056,8708096,8708096,243200,243200,11067392,11067392,31100928,31100928,758284288,2.20E+12,TRUE,BelowNormal,8708096,8708096,00:02.0,SettingSyncHost,15,TRUE,1,System.Diagnostics.ProcessStartInfo,12/7/2015 9:52,,System.Diagnostics.ProcessThreadCollection,00:03.3,00:01.3,124260352,2.20E+12,FALSE,,,,8253440,8253440,,
Process,ShellExperienceHost,843,389365760,49029120,29949952,41928,C:\Windows\SystemApps\ShellExperienceHost_cw5n1h2txyewy\ShellExperienceHost.exe,Microsoft Corporation,4.9375,10.0.10240.16515 (th1.150916-2039),10.0.10240.16515,Windows Shell Experience Host,Microsoft? Windows? Operating System,8,,FALSE,,6020,Microsoft.Win32.SafeHandles.SafeProcessHandle,843,5464,.,0,,System.Diagnostics.ProcessModule (ShellExperienceHost.exe),1413120,204800,System.Diagnostics.ProcessModuleCollection,41928,41928,29949952,29949952,645472,645472,34709504,34709504,79216640,79216640,413401088,413401088,TRUE,Normal,29949952,29949952,00:01.5,ShellExperienceHost,15,TRUE,1,System.Diagnostics.ProcessStartInfo,12/7/2015 9:49,,System.Diagnostics.ProcessThreadCollection,00:04.9,00:03.5,389365760,389365760,FALSE,,,,49029120,49029120,,
Process,sihost,401,2.20E+12,22618112,5328896,16720,C:\WINDOWS\system32\sihost.exe,Microsoft Corporation,5.71875,10.0.10240.16384 (th1.150709-1700),10.0.10240.16384,Shell Infrastructure Host,Microsoft? Windows? Operating System,8,,FALSE,,5324,Microsoft.Win32.SafeHandles.SafeProcessHandle,401,2736,.,0,,System.Diagnostics.ProcessModule (sihost.exe),1413120,204800,System.Diagnostics.ProcessModuleCollection,16720,16720,5328896,5328896,207560,207560,5414912,5414912,24309760,24309760,112582656,2.20E+12,TRUE,Normal,5328896,5328896,00:02.8,sihost,15,TRUE,1,System.Diagnostics.ProcessStartInfo,12/7/2015 9:48,,System.Diagnostics.ProcessThreadCollection,00:05.7,00:02.9,106561536,2.20E+12,FALSE,,,,22618112,22618112,,
Process,SkypeC2CAutoUpdateSvc,161,65388544,8441856,1736704,10296,,,,,,,,8,,,,,,161,2360,.,0,,,,,,10296,10296,1736704,1736704,131760,131760,2568192,2568192,9457664,9457664,77570048,77570048,,,1736704,1736704,,SkypeC2CAutoUpdateSvc,,TRUE,0,System.Diagnostics.ProcessStartInfo,,,System.Diagnostics.ProcessThreadCollection,,,65388544,65388544,FALSE,,,,8441856,8441856,,
Process,SkypeC2CPNRSvc,127,38092800,5570560,1941504,63800,,,,,,,,8,,,,,,127,2532,.,0,,,,,,63800,63800,1941504,1941504,60376,60376,2236416,2236416,6754304,6754304,43384832,43384832,,,1941504,1941504,,SkypeC2CPNRSvc,,TRUE,0,System.Diagnostics.ProcessStartInfo,,,System.Diagnostics.ProcessThreadCollection,,,38092800,38092800,FALSE,,,,5570560,5570560,,
Process,smss,49,2.20E+12,983040,352256,2680,,,,,,,,11,,,,,,49,424,.,0,,,,,,2680,2680,352256,352256,12624,12624,434176,434176,1245184,1245184,26607616,2.20E+12,,,352256,352256,,smss,,TRUE,0,System.Diagnostics.ProcessStartInfo,,,System.Diagnostics.ProcessThreadCollection,,,4448256,2.20E+12,FALSE,,,,983040,983040,,
Process,spoolsv,382,2.20E+12,13029376,5353472,22568,,,,,,,,8,,,,,,382,1972,.,0,,,,,,22568,22568,5353472,5353472,123592,123592,6197248,6197248,16396288,16396288,62201856,2.20E+12,,,5353472,5353472,,spoolsv,,TRUE,0,System.Diagnostics.ProcessStartInfo,,,System.Diagnostics.ProcessThreadCollection,,,59142144,2.20E+12,FALSE,,,,13029376,13029376,,
Process,ssh-agent,111,428589056,3862528,4358144,7712,C:\Users\RohiniSwetha\AppData\Local\GitHub\PortableGit_c7e0cbde92ba565cb218a521411d0e854079a28c\usr\bin\ssh-agent.exe,,0.03125,,,,,8,,FALSE,,3532,Microsoft.Win32.SafeHandles.SafeProcessHandle,111,5716,.,0,,System.Diagnostics.ProcessModule (ssh-agent.exe),1413120,204800,System.Diagnostics.ProcessModuleCollection,7712,7712,4358144,4358144,63568,63568,4575232,4575232,5791744,5791744,435740672,435740672,TRUE,Normal,4358144,4358144,0:00:00,ssh-agent,15,TRUE,1,System.Diagnostics.ProcessStartInfo,12/7/2015 10:44,,System.Diagnostics.ProcessThreadCollection,00:00.0,00:00.0,428589056,428589056,FALSE,,,,3862528,3862528,,
Process,svchost,698,2.20E+12,9248768,4009984,15776,,,,,,,,8,,,,,,698,308,.,0,,,,,,15776,15776,4009984,4009984,99888,99888,4616192,4616192,9830400,9830400,40005632,2.20E+12,,,4009984,4009984,,svchost,,TRUE,0,System.Diagnostics.ProcessStartInfo,,,System.Diagnostics.ProcessThreadCollection,,,33341440,2.20E+12,FALSE,,,,9248768,9248768,,
Process,svchost,639,2.20E+12,18788352,6467584,23728,,,,,,,,8,,,,,,639,972,.,0,,,,,,23728,23728,6467584,6467584,326120,326120,7516160,7516160,20144128,20144128,95559680,2.20E+12,,,6467584,6467584,,svchost,,TRUE,0,System.Diagnostics.ProcessStartInfo,,,System.Diagnostics.ProcessThreadCollection,,,68120576,2.20E+12,FALSE,,,,18788352,18788352,,
Process,svchost,2123,2.20E+12,52416512,27136000,84008,,,,,,,,8,,,,,,2123,1032,.,0,,,,,,84008,84008,27136000,27136000,496384,496384,73908224,73908224,115228672,115228672,902664192,2.20E+12,,,27136000,27136000,,svchost,,TRUE,0,System.Diagnostics.ProcessStartInfo,,,System.Diagnostics.ProcessThreadCollection,,,263925760,2.20E+12,FALSE,,,,52416512,52416512,,
Process,svchost,807,2.20E+12,22167552,9379840,48000,,,,,,,,8,,,,,,807,1040,.,0,,,,,,48000,48000,9379840,9379840,232784,232784,21721088,21721088,33714176,33714176,1458163712,2.20E+12,,,9379840,9379840,,svchost,,TRUE,0,System.Diagnostics.ProcessStartInfo,,,System.Diagnostics.ProcessThreadCollection,,,1271713792,2.20E+12,FALSE,,,,22167552,22167552,,
Process,svchost,879,2.20E+12,164483072,165019648,48400,,,,,,,,8,,,,,,879,1080,.,0,,,,,,48400,48400,165019648,165019648,286600,286600,282333184,282333184,298659840,298659840,336330752,2.20E+12,,,165019648,165019648,,svchost,,TRUE,0,System.Diagnostics.ProcessStartInfo,,,System.Diagnostics.ProcessThreadCollection,,,230469632,2.20E+12,FALSE,,,,164483072,164483072,,
Process,svchost,295,2.20E+12,10465280,2838528,18952,,,,,,,,8,,,,,,295,1412,.,0,,,,,,18952,18952,2838528,2838528,101304,101304,3305472,3305472,11182080,11182080,62214144,2.20E+12,,,2838528,2838528,,svchost,,TRUE,0,System.Diagnostics.ProcessStartInfo,,,System.Diagnostics.ProcessThreadCollection,,,48480256,2.20E+12,FALSE,,,,10465280,10465280,,
Process,svchost,763,2.20E+12,28868608,9375744,45712,,,,,,,,8,,,,,,763,1420,.,0,,,,,,45712,45712,9375744,9375744,253816,253816,14077952,14077952,34656256,34656256,180506624,2.20E+12,,,9375744,9375744,,svchost,,TRUE,0,System.Diagnostics.ProcessStartInfo,,,System.Diagnostics.ProcessThreadCollection,,,140103680,2.20E+12,FALSE,,,,28868608,28868608,,
Process,svchost,875,2.20E+12,24530944,15613952,36952,,,,,,,,8,,,,,,875,1432,.,0,,,,,,36952,36952,15613952,15613952,232824,232824,19193856,19193856,31289344,31289344,147148800,2.20E+12,,,15613952,15613952,,svchost,,TRUE,0,System.Diagnostics.ProcessStartInfo,,,System.Diagnostics.ProcessThreadCollection,,,139980800,2.20E+12,FALSE,,,,24530944,24530944,,
Process,svchost,536,2.20E+12,23957504,19750912,45216,,,,,,,,8,,,,,,536,1996,.,0,,,,,,45216,45216,19750912,19750912,141704,141704,85245952,85245952,83382272,83382272,745381888,2.20E+12,,,19750912,19750912,,svchost,,TRUE,0,System.Diagnostics.ProcessStartInfo,,,System.Diagnostics.ProcessThreadCollection,,,133550080,2.20E+12,FALSE,,,,23957504,23957504,,
Process,svchost,116,2.20E+12,6647808,1302528,9056,,,,,,,,8,,,,,,116,2160,.,0,,,,,,9056,9056,1302528,1302528,48432,48432,2666496,2666496,8437760,8437760,30343168,2.20E+12,,,1302528,1302528,,svchost,,TRUE,0,System.Diagnostics.ProcessStartInfo,,,System.Diagnostics.ProcessThreadCollection,,,26243072,2.20E+12,FALSE,,,,6647808,6647808,,
Process,svchost,459,2.20E+12,23891968,7360512,23760,,,,,,,,8,,,,,,459,2216,.,0,,,,,,23760,23760,7360512,7360512,292056,292056,8327168,8327168,25149440,25149440,156725248,2.20E+12,,,7360512,7360512,,svchost,,TRUE,0,System.Diagnostics.ProcessStartInfo,,,System.Diagnostics.ProcessThreadCollection,,,150605824,2.20E+12,FALSE,,,,23891968,23891968,,
Process,svchost,156,2.20E+12,11407360,4079616,11008,,,,,,,,8,,,,,,156,2724,.,0,,,,,,11008,11008,4079616,4079616,98240,98240,7266304,7266304,17653760,17653760,68661248,2.20E+12,,,4079616,4079616,,svchost,,TRUE,0,System.Diagnostics.ProcessStartInfo,,,System.Diagnostics.ProcessThreadCollection,,,58314752,2.20E+12,FALSE,,,,11407360,11407360,,
Process,svchost,155,2.20E+12,8282112,1814528,11000,,,,,,,,8,,,,,,155,2728,.,0,,,,,,11000,11000,1814528,1814528,75496,75496,2269184,2269184,9265152,9265152,47316992,2.20E+12,,,1814528,1814528,,svchost,,TRUE,0,System.Diagnostics.ProcessStartInfo,,,System.Diagnostics.ProcessThreadCollection,,,41492480,2.20E+12,FALSE,,,,8282112,8282112,,
Process,svchost,188,2.20E+12,16445440,4378624,21120,,,,,,,,8,,,,,,188,2844,.,0,,,,,,21120,21120,4378624,4378624,114680,114680,7122944,7122944,20492288,20492288,708358144,2.20E+12,,,4378624,4378624,,svchost,,TRUE,0,System.Diagnostics.ProcessStartInfo,,,System.Diagnostics.ProcessThreadCollection,,,668622848,2.20E+12,FALSE,,,,16445440,16445440,,
Process,svchost,483,2.20E+12,22052864,5664768,28240,C:\WINDOWS\system32\svchost.exe,Microsoft Corporation,0.65625,10.0.10240.16384 (th1.150709-1700),10.0.10240.16384,Host Process for Windows Services,Microsoft? Windows? Operating System,8,,FALSE,,4796,Microsoft.Win32.SafeHandles.SafeProcessHandle,483,6888,.,0,,System.Diagnostics.ProcessModule (svchost.exe),1413120,204800,System.Diagnostics.ProcessModuleCollection,28240,28240,5664768,5664768,207928,207928,7786496,7786496,30380032,30380032,1328381952,2.20E+12,TRUE,Normal,5664768,5664768,00:00.3,svchost,15,TRUE,1,System.Diagnostics.ProcessStartInfo,12/7/2015 9:50,,System.Diagnostics.ProcessThreadCollection,00:00.7,00:00.3,1312468992,2.20E+12,FALSE,,,,22052864,22052864,,
Process,System,1493,1063641088,853889024,3289088,0,,,,,,,,8,,,,,,1493,4,.,0,,,,,,0,0,3289088,3289088,0,0,3428352,3428352,1277644800,1277644800,1407311872,1407311872,,,3289088,3289088,,System,,TRUE,0,System.Diagnostics.ProcessStartInfo,,,System.Diagnostics.ProcessThreadCollection,,,1063641088,1063641088,FALSE,,,,853889024,853889024,,
Process,SystemAgentService,179,62844928,9744384,2228224,11880,,,,,,,,8,,,,,,179,2420,.,0,,,,,,11880,11880,2228224,2228224,121192,121192,2789376,2789376,11083776,11083776,78053376,78053376,,,2228224,2228224,,SystemAgentService,,TRUE,0,System.Diagnostics.ProcessStartInfo,,,System.Diagnostics.ProcessThreadCollection,,,62844928,62844928,FALSE,,,,9744384,9744384,,
Process,taskeng,116,2.20E+12,6537216,1343488,8200,,,,,,,,6,,,,,,116,3328,.,0,,,,,,8200,8200,1343488,1343488,58120,58120,1470464,1470464,7147520,7147520,36376576,2.20E+12,,,1343488,1343488,,taskeng,,TRUE,0,System.Diagnostics.ProcessStartInfo,,,System.Diagnostics.ProcessThreadCollection,,,30937088,2.20E+12,FALSE,,,,6537216,6537216,,
Process,taskhostw,330,2.20E+12,16580608,7974912,34192,C:\WINDOWS\system32\taskhostw.exe,Microsoft Corporation,3.03125,10.0.10240.16384 (th1.150709-1700),10.0.10240.16384,Host Process for Windows Tasks,Microsoft? Windows? Operating System,8,,FALSE,,4100,Microsoft.Win32.SafeHandles.SafeProcessHandle,330,2884,.,0,,System.Diagnostics.ProcessModule (taskhostw.exe),1413120,204800,System.Diagnostics.ProcessModuleCollection,34192,34192,7974912,7974912,219688,219688,25112576,25112576,34955264,34955264,491429888,2.20E+12,TRUE,Normal,7974912,7974912,00:02.0,taskhostw,15,TRUE,1,System.Diagnostics.ProcessStartInfo,12/7/2015 9:48,,System.Diagnostics.ProcessThreadCollection,00:03.0,0:00:01,320016384,2.20E+12,FALSE,,,,16580608,16580608,,
Process,wininit,85,2.20E+12,4431872,937984,8112,,,,,,,,13,,,,,,85,720,.,0,,,,,,8112,8112,937984,937984,99576,99576,1384448,1384448,5074944,5074944,46198784,2.20E+12,,,937984,937984,,wininit,,TRUE,0,System.Diagnostics.ProcessStartInfo,,,System.Diagnostics.ProcessThreadCollection,,,43003904,2.20E+12,FALSE,,,,4431872,4431872,,
Process,winlogon,186,2.20E+12,17858560,1712128,8480,,,,,,,,13,,,,,,186,896,.,0,,,,,,8480,8480,1712128,1712128,140120,140120,3309568,3309568,17887232,17887232,67420160,2.20E+12,,,1712128,1712128,,winlogon,,TRUE,1,System.Diagnostics.ProcessStartInfo,,,System.Diagnostics.ProcessThreadCollection,,,65290240,2.20E+12,FALSE,,,,17858560,17858560,,
Process,WmiPrvSE,193,2.20E+12,14913536,7921664,12776,,,,,,,,8,,,,,,193,2684,.,0,,,,,,12776,12776,7921664,7921664,87080,87080,9916416,9916416,18681856,18681856,94949376,2.20E+12,,,7921664,7921664,,WmiPrvSE,,TRUE,0,System.Diagnostics.ProcessStartInfo,,,System.Diagnostics.ProcessThreadCollection,,,51634176,2.20E+12,FALSE,,,,14913536,14913536,,
Process,WUDFHost,302,2.20E+12,8073216,1818624,11872,,,,,,,,8,,,,,,302,1376,.,0,,,,,,11872,11872,1818624,1818624,83520,83520,2043904,2043904,9203712,9203712,46956544,2.20E+12,,,1818624,1818624,,WUDFHost,,TRUE,0,System.Diagnostics.ProcessStartInfo,,,System.Diagnostics.ProcessThreadCollection,,,43225088,2.20E+12,FALSE,,,,8073216,8073216,,
